City_ID,City,Country,Lat,Lng,Max Temp,Humidity,Cloudiness,Wind Speed,Weather Description
0,Sinjar,IQ,36.3209,41.8754,64.94,27,44,7.54,scattered clouds
1,Bluff,NZ,-46.6,168.3333,63.81,66,43,3.8,scattered clouds
2,Iqaluit,CA,63.7506,-68.5145,29.93,100,100,11.5,light snow
3,Port Elizabeth,ZA,-33.918,25.5701,59.09,96,100,11.5,shower rain
4,Avera,US,33.194,-82.5271,60.39,86,100,9.06,overcast clouds
5,Hilo,US,19.7297,-155.09,82.13,81,0,8.05,clear sky
6,Masvingo,ZW,-20.0637,30.8277,66.58,61,15,4.34,few clouds
7,Uvira,CD,-3.4067,29.1458,74.35,70,77,1.52,broken clouds
8,Takoradi,GH,4.8845,-1.7554,78.21,83,2,4.43,clear sky
9,Pevek,RU,69.7008,170.3133,6.17,96,100,5.48,overcast clouds
10,Kapaa,US,22.0752,-159.319,85.98,78,0,16.11,light rain
11,Bredasdorp,ZA,-34.5322,20.0403,55.33,71,100,9.91,overcast clouds
12,New Milford,US,40.9327,-74.0179,56.82,69,0,0.0,clear sky
13,Hermanus,ZA,-34.4187,19.2345,55.8,70,100,15.48,overcast clouds
14,Puerto Ayora,EC,-0.7393,-90.3518,65.55,96,82,7.67,broken clouds
15,Nola,IT,40.922,14.5329,63.63,69,0,1.79,clear sky
16,Albany,US,42.6001,-73.9662,50.59,54,59,2.46,broken clouds
17,Bandarbeyla,SO,9.4942,50.8122,77.61,81,24,5.53,light rain
18,Saldanha,ZA,-33.0117,17.9442,57.25,67,2,22.55,clear sky
19,Torbay,CA,47.6666,-52.7314,48.76,87,40,16.11,scattered clouds
20,Cape Town,ZA,-33.9258,18.4232,58.26,60,0,24.16,clear sky
21,Bethel,US,41.3712,-73.414,49.95,69,0,0.0,clear sky
22,Vaini,TO,-21.2,-175.2,80.76,83,75,13.8,broken clouds
23,Ribeira Grande,PT,38.5167,-28.7,57.78,69,80,8.01,broken clouds
24,Busselton,AU,-33.65,115.3333,60.06,56,96,12.21,overcast clouds
25,Poum,NC,-20.2333,164.0167,78.33,74,5,16.93,clear sky
26,Arcachon,FR,44.5875,-1.0519,61.12,100,40,4.61,mist
27,Dikson,RU,73.5069,80.5464,30.87,98,100,24.76,snow
28,Terney,RU,45.0503,136.6092,48.06,61,34,6.87,scattered clouds
29,Saint-Louis,SN,16.3333,-15.0,83.1,15,52,8.43,broken clouds
30,Tuktoyaktuk,CA,69.4541,-133.0374,10.4,79,75,8.05,light snow
31,Ponta Do Sol,PT,32.6667,-17.1,72.72,83,80,5.99,broken clouds
32,Airai,TL,-8.9266,125.4092,73.2,66,95,1.39,overcast clouds
33,Vostok,RU,46.4856,135.8833,47.28,31,100,2.1,overcast clouds
34,Kruisfontein,ZA,-34.0033,24.7314,56.88,81,88,6.64,light rain
35,Saint-Philippe,RE,-21.3585,55.7679,69.39,80,43,12.84,scattered clouds
36,Ozd,HU,48.2167,20.3,49.12,82,10,0.58,clear sky
37,Porgera,PG,-5.4667,143.2,63.18,45,54,4.61,broken clouds
38,Butaritari,KI,3.0707,172.7902,79.84,72,43,9.66,scattered clouds
39,Mataura,NZ,-46.1927,168.8643,63.48,40,60,4.23,broken clouds
40,Chokurdakh,RU,70.6333,147.9167,-15.63,100,93,3.49,overcast clouds
41,Avarua,CK,-21.2078,-159.775,73.45,94,100,20.71,light rain
42,Rikitea,PF,-23.1203,-134.9692,69.3,84,100,7.85,light rain
43,Muros,ES,42.7762,-9.0603,59.68,89,100,14.47,heavy intensity rain
44,Ushuaia,AR,-54.8,-68.3,42.46,70,20,29.93,few clouds
45,Arraial Do Cabo,BR,-22.9661,-42.0278,73.76,92,93,26.49,overcast clouds
46,Punta Arenas,CL,-53.15,-70.9167,42.91,65,0,16.11,clear sky
47,Vanavara,RU,60.34,102.2797,17.65,82,54,6.13,broken clouds
48,Muroto,JP,33.2833,134.15,66.33,56,9,13.02,clear sky
49,Chuy,UY,-33.6971,-53.4616,53.96,84,100,17.45,overcast clouds
50,Port Alfred,ZA,-33.5906,26.891,57.18,95,86,1.99,overcast clouds
51,Jamestown,US,42.097,-79.2353,55.04,47,0,9.22,clear sky
52,Lompoc,US,34.6391,-120.4579,58.01,96,75,6.91,broken clouds
53,Sao Joao Da Barra,BR,-21.6403,-41.0511,74.34,91,98,23.47,overcast clouds
54,Mantua,IT,45.1667,10.7833,56.44,69,91,6.04,overcast clouds
55,Nishihara,JP,26.1842,127.7558,74.86,88,100,20.71,shower rain
56,Eydhafushi,MV,5.1033,73.0708,80.76,71,85,7.65,overcast clouds
57,Faanui,PF,-16.4833,-151.75,79.48,78,14,12.57,light rain
58,Okha,RU,53.5739,142.9478,40.86,70,100,12.5,overcast clouds
59,Mayo,US,38.8876,-76.5119,54.12,92,0,0.0,clear sky
60,Nurota,UZ,40.5614,65.6886,47.97,61,43,4.88,scattered clouds
61,Ancud,CL,-41.8697,-73.8203,42.76,84,8,4.12,clear sky
62,Debre Tabor,ET,11.85,38.0167,47.01,54,13,6.22,few clouds
63,Hokitika,NZ,-42.7167,170.9667,59.52,81,79,10.18,broken clouds
64,Champerico,GT,14.3,-91.9167,80.37,76,13,4.23,few clouds
65,Arlit,NE,18.7369,7.3853,70.97,23,0,9.78,clear sky
66,Khatanga,RU,71.9667,102.5,3.27,98,93,6.33,overcast clouds
67,Georgetown,MY,5.4112,100.3354,78.89,95,20,3.44,few clouds
68,Faya,SA,18.3851,42.4509,55.51,36,93,4.18,overcast clouds
69,Broome,US,42.2506,-75.833,50.38,61,0,5.75,clear sky
70,Vardo,NO,70.3705,31.1107,35.58,75,20,12.66,few clouds
71,Alyangula,AU,-13.8483,136.4192,87.85,60,83,6.08,broken clouds
72,Oltu,TR,40.5498,42.0013,42.69,52,0,4.83,clear sky
73,Yenagoa,NG,4.9247,6.2642,75.29,93,11,3.2,few clouds
74,Amos,CA,48.5669,-78.1162,45.18,78,34,5.01,scattered clouds
75,Rawson,AR,-43.3002,-65.1023,46.27,54,9,2.89,clear sky
76,Kaitangata,NZ,-46.2817,169.8464,59.04,69,24,9.75,few clouds
77,Porto Novo,BJ,6.4965,2.6036,76.82,86,48,2.3,light rain
78,Touros,BR,-5.1989,-35.4608,76.93,75,49,12.95,scattered clouds
79,Cherskiy,RU,68.75,161.3,-0.74,97,98,6.67,overcast clouds
80,Namatanai,PG,-3.6667,152.4333,86.38,60,22,6.24,few clouds
81,Gulu,UG,2.7746,32.299,64.89,91,85,3.09,overcast clouds
82,Padang,ID,-0.9492,100.3543,77.05,76,100,2.3,light rain
83,Coquimbo,CL,-29.9533,-71.3436,56.93,82,100,4.61,overcast clouds
84,Saint George,US,37.1041,-113.5841,64.99,25,0,12.66,clear sky
85,Kununurra,AU,-15.7667,128.7333,100.38,27,33,11.5,scattered clouds
86,Vila Velha,BR,-20.3297,-40.2925,78.75,87,40,11.01,scattered clouds
87,Kavieng,PG,-2.5744,150.7967,85.77,62,11,7.52,few clouds
88,Hambantota,LK,6.1241,81.1185,77.34,100,20,2.3,few clouds
89,Saint-Francois,FR,46.4154,3.9054,49.68,100,0,3.44,clear sky
90,Valdivia,CL,-39.8142,-73.2459,41.09,79,0,3.0,clear sky
91,Hobart,AU,-42.8794,147.3294,66.06,52,75,32.21,light rain
92,Mahebourg,MU,-20.4081,57.7,68.29,94,75,3.44,broken clouds
93,Dicabisagan,PH,17.0818,122.4157,81.77,86,93,19.93,overcast clouds
94,Tasiilaq,GL,65.6145,-37.6368,35.76,95,100,20.33,light rain
95,Kloulklubed,PW,7.0419,134.2556,73.9,89,100,15.35,very heavy rain
96,High River,CA,50.5834,-113.8687,48.16,58,90,21.7,overcast clouds
97,Mareeba,AU,-17.0,145.4333,93.43,57,25,7.65,scattered clouds
98,Chulym,RU,55.0997,80.9572,27.43,68,100,7.54,overcast clouds
99,Bambanglipuro,ID,-7.95,110.2833,82.71,66,63,7.74,broken clouds
100,Bambous Virieux,MU,-20.3428,57.7575,68.25,94,75,3.44,light rain
101,Pacifica,US,37.6138,-122.4869,60.64,91,20,11.5,mist
102,Qaanaaq,GL,77.484,-69.3632,-4.85,69,11,8.12,few clouds
103,Sakakah,SA,29.9697,40.2064,65.77,31,58,4.34,broken clouds
104,Yerofey Pavlovich,RU,53.9667,121.9667,30.06,77,100,5.73,overcast clouds
105,Codrington,AU,-38.2667,141.9667,50.54,92,100,11.92,overcast clouds
106,Bengkulu,ID,-3.8004,102.2655,82.18,71,87,3.62,overcast clouds
107,Clyde River,CA,70.4692,-68.5914,3.43,85,75,5.75,broken clouds
108,San Cristobal,VE,7.7669,-72.225,69.98,98,84,1.92,broken clouds
109,Hithadhoo,MV,-0.6,73.0833,80.2,79,100,12.5,overcast clouds
110,New Norfolk,AU,-42.7826,147.0587,65.7,66,75,12.8,broken clouds
111,Nikolskoye,RU,59.7035,30.7861,34.92,69,13,11.79,few clouds
112,Norman Wells,CA,65.282,-126.8329,14.04,92,100,3.44,light snow
113,Bazarnyy Syzgan,RU,53.7512,46.7535,30.02,83,49,12.01,scattered clouds
114,Castro,BR,-24.7911,-50.0119,62.49,98,100,5.08,overcast clouds
115,Kahului,US,20.8947,-156.47,82.42,76,100,13.8,overcast clouds
116,Sobolevo,RU,54.4299,31.8996,33.1,74,8,16.06,clear sky
117,Jinchang,CN,38.4953,102.1739,51.4,35,0,2.24,clear sky
118,Adrar,MR,20.5022,-10.0711,73.94,13,33,9.42,scattered clouds
119,Khandyga,RU,62.6667,135.6,12.58,77,53,2.15,broken clouds
120,Waipawa,NZ,-41.4122,175.5153,68.13,55,61,5.37,broken clouds
121,Karratha,AU,-20.7377,116.8463,82.71,13,4,17.02,clear sky
122,Farkhor,TJ,37.4922,69.4036,58.93,64,99,4.14,overcast clouds
123,Amapa,BR,1.0,-52.0,72.19,94,100,1.54,light rain
124,Tiksi,RU,71.6872,128.8694,10.13,91,99,7.49,overcast clouds
125,Farafangana,MG,-22.8167,47.8333,70.79,87,5,5.99,clear sky
126,East London,ZA,-33.0153,27.9116,60.84,70,60,17.49,broken clouds
127,Eaton Socon,GB,52.2175,-0.2893,54.25,93,100,10.45,overcast clouds
128,Kieta,PG,-6.2167,155.6333,83.82,76,24,3.71,light rain
129,Tuatapere,NZ,-46.1333,167.6833,59.45,68,71,8.86,broken clouds
130,Nizwa,OM,22.9333,57.5333,72.39,56,2,0.69,clear sky
131,Seguin,US,29.5688,-97.9647,68.92,62,0,4.61,clear sky
132,Scottsbluff,US,41.8666,-103.6672,49.32,43,0,3.44,clear sky
133,Comodoro Rivadavia,AR,-45.8667,-67.5,44.46,42,0,4.61,clear sky
134,Talnakh,RU,69.4865,88.3972,24.21,96,100,13.06,snow
135,Pangnirtung,CA,66.1451,-65.7125,16.3,84,99,6.26,overcast clouds
136,Nabire,ID,-3.3667,135.4833,87.76,67,82,5.86,broken clouds
137,Mount Isa,AU,-20.7333,139.5,101.97,21,1,19.57,clear sky
138,Barrow,US,71.2906,-156.7887,17.62,79,100,21.85,overcast clouds
139,Yulara,AU,-25.2406,130.9889,64.15,29,100,19.84,overcast clouds
140,Salalah,OM,17.0151,54.0924,77.09,69,20,5.75,few clouds
141,Vila,PT,42.0304,-8.1588,47.28,93,100,5.21,light rain
142,San Lorenzo,PY,-25.3333,-57.5333,74.34,100,100,6.91,moderate rain
143,San Jeronimo,PE,-11.9472,-75.2829,53.92,59,5,2.98,clear sky
144,Antalaha,MG,-14.9003,50.2788,69.69,79,18,5.59,few clouds
145,Margate,GB,51.3813,1.3862,59.31,92,100,3.0,overcast clouds
146,Easton,US,40.6884,-75.2207,52.84,67,0,0.0,clear sky
147,Roald,NO,62.5833,6.1333,55.76,93,20,4.61,light rain
148,Sao Francisco Do Sul,BR,-26.2433,-48.6381,71.51,94,75,2.3,broken clouds
149,Cockburn Town,TC,21.4612,-71.1419,82.36,76,4,18.84,light rain
150,Atuona,PF,-9.8,-139.0333,77.41,76,8,16.73,clear sky
151,Cansancao,BR,-10.6672,-39.4992,72.41,69,5,7.67,clear sky
152,Labuhan,ID,-6.8844,112.2051,87.53,50,100,7.2,overcast clouds
153,Saskylakh,RU,71.9167,114.0833,3.34,97,93,5.32,overcast clouds
154,Harper,LR,4.375,-7.7169,77.09,88,24,7.43,few clouds
155,Chicama,PE,-7.8447,-79.1469,57.74,84,55,5.99,broken clouds
156,Zhigansk,RU,66.7697,123.3711,12.33,95,100,8.43,overcast clouds
157,Saint-Joseph,RE,-21.3667,55.6167,68.38,76,30,11.81,scattered clouds
158,Laguna,US,38.421,-121.4238,68.31,49,0,8.05,clear sky
159,Ambon,ID,-3.6954,128.1814,87.94,70,40,3.44,light rain
160,Aripuana,BR,-9.1667,-60.6333,72.9,92,22,2.08,few clouds
161,Homer,US,59.6425,-151.5483,33.67,55,0,10.36,clear sky
162,Boffa,GN,10.1667,-14.0333,77.5,93,5,2.51,clear sky
163,Moengo,SR,5.6167,-54.4,73.72,99,100,2.06,light rain
164,Rodrigues Alves,BR,-7.738,-72.6509,78.96,72,100,2.44,overcast clouds
165,Songjianghe,CN,42.1859,127.479,51.26,66,100,8.66,overcast clouds
166,Inirida,CO,3.8653,-67.9239,73.56,97,100,3.18,overcast clouds
167,Bonthe,SL,7.5264,-12.505,77.9,82,22,2.77,light rain
168,Ucluelet,CA,48.9329,-125.5528,50.09,94,100,1.01,overcast clouds
169,Coolum Beach,AU,-26.5333,153.1,81.1,80,29,13.42,scattered clouds
170,Mar Del Plata,AR,-38.0023,-57.5575,50.88,72,40,7.0,scattered clouds
171,Orlik,RU,52.5178,99.825,17.65,53,5,2.39,clear sky
172,Gwadar,PK,25.1216,62.3254,77.58,71,37,7.63,scattered clouds
173,Ugoofaaru,MV,5.6667,73.0,80.71,70,96,6.62,overcast clouds
174,Yuzhnyy,RU,53.2542,83.6936,28.78,80,40,6.71,light shower snow
175,Aswan,EG,24.0934,32.907,67.3,48,0,4.61,clear sky
176,Kindu,CD,-2.95,25.95,69.87,99,100,3.44,light rain
177,Kokstad,ZA,-30.5472,29.4241,51.57,86,100,2.44,overcast clouds
178,Agutaya,PH,11.148,120.9417,82.36,82,95,26.13,overcast clouds
179,Metro,ID,-5.1131,105.3067,84.61,60,100,8.9,overcast clouds
180,Zhaodong,CN,46.0833,125.9833,48.61,78,100,14.9,overcast clouds
181,Hun,LY,29.1268,15.9477,64.29,63,46,5.12,scattered clouds
182,Victoria,HK,22.2855,114.1577,81.18,59,100,18.99,overcast clouds
183,Esna,EG,25.2934,32.554,68.02,49,0,8.72,clear sky
184,Mogadishu,SO,2.0371,45.3438,78.44,82,10,10.96,clear sky
185,Husavik,IS,66.0449,-17.3389,40.75,97,100,11.34,light rain
186,Provideniya,RU,64.3833,-173.3,21.31,49,40,4.47,scattered clouds
187,Axim,GH,4.8699,-2.2405,77.04,86,10,3.83,light rain
188,Aykhal,RU,66.0,111.5,-0.51,99,88,4.07,overcast clouds
189,Leshukonskoye,RU,64.8989,45.7622,34.68,99,100,1.79,overcast clouds
190,Cabo San Lucas,MX,22.8909,-109.9124,76.51,68,0,9.22,clear sky
191,Cidreira,BR,-30.1811,-50.2056,68.72,97,100,10.58,overcast clouds
192,Flinders,AU,-34.5833,150.8552,81.68,70,89,1.99,light rain
193,Caravelas,BR,-17.7125,-39.2481,76.01,84,99,10.18,overcast clouds
194,Nome,US,64.5011,-165.4064,26.67,80,75,13.8,light snow
195,Porto Nacional,BR,-10.7081,-48.4172,84.2,85,96,1.3,overcast clouds
196,Olafsvik,IS,64.8945,-23.7142,39.65,90,100,0.45,moderate rain
197,Kamenka,RU,51.3223,42.7678,37.22,66,100,11.25,overcast clouds
198,Letterkenny,IE,54.95,-7.7333,53.55,87,100,16.69,overcast clouds
199,Mahon,ES,39.8885,4.2658,68.56,88,40,4.61,scattered clouds
200,Aguimes,ES,27.9054,-15.4461,68.67,83,20,15.01,few clouds
201,Don Benito,ES,38.9563,-5.8616,60.78,66,100,4.0,overcast clouds
202,Shangzhi,CN,45.2167,127.9667,45.52,83,100,6.85,overcast clouds
203,Tulun,RU,54.5611,100.5792,25.3,62,14,4.61,few clouds
204,Lebu,CL,-37.6167,-73.65,47.64,84,0,18.05,clear sky
205,Sioux Lookout,CA,50.1001,-91.917,30.27,80,0,0.0,clear sky
206,Te Anau,NZ,-45.4167,167.7167,65.01,47,35,2.59,scattered clouds
207,Ereymentau,KZ,51.6199,73.1033,31.39,98,99,8.12,overcast clouds
208,Yar-Sale,RU,66.8333,70.8333,27.88,90,100,16.8,overcast clouds
209,Marsh Harbour,BS,26.5412,-77.0636,80.04,76,1,16.17,clear sky
210,Erzin,TR,36.9559,36.2,66.99,59,91,6.8,overcast clouds
211,Achutupo,PA,9.2,-77.9833,76.75,86,95,5.55,light rain
212,Pisco,PE,-13.7,-76.2167,60.85,82,40,5.75,mist
213,Mana,GF,5.6592,-53.7767,77.07,87,100,1.77,overcast clouds
214,Cerrito,CO,6.8432,-72.694,52.02,95,94,0.81,overcast clouds
215,Mmabatho,ZA,-25.85,25.6333,62.56,82,100,1.14,overcast clouds
216,Matara,LK,5.9485,80.5353,81.25,77,100,1.86,overcast clouds
217,Chaman,PK,30.9236,66.4512,64.87,23,40,7.31,scattered clouds
218,Saveh,IR,35.0213,50.3566,59.97,38,31,4.21,scattered clouds
219,Nanortalik,GL,60.1432,-45.2371,25.41,72,50,7.94,scattered clouds
220,Burnie,AU,-41.0667,145.9167,58.95,72,77,15.55,light rain
221,Egvekinot,RU,66.3167,-179.1667,1.98,72,21,5.75,few clouds
222,Yellowknife,CA,62.456,-114.3525,19.92,86,100,12.66,light snow
223,Manggar,ID,-2.8833,108.2667,84.34,66,100,5.73,overcast clouds
224,Narsaq,GL,60.9167,-46.05,21.42,72,73,6.96,broken clouds
225,Kita,ML,13.0349,-9.4895,71.29,39,5,2.15,clear sky
226,Vanimo,PG,-2.6741,141.3028,87.67,67,28,9.48,scattered clouds
227,Nardaran,AZ,40.5561,50.0056,55.04,76,20,2.3,few clouds
228,Tubmanburg,LR,6.8708,-10.8172,73.0,96,19,3.2,light rain
229,Seoul,KR,37.5683,126.9778,64.0,50,0,10.36,clear sky
230,Flin Flon,CA,54.7682,-101.865,42.66,69,98,7.56,overcast clouds
231,Fort Myers Beach,US,26.452,-81.9481,79.02,74,0,6.91,clear sky
232,Sechura,PE,-5.5569,-80.8222,62.37,85,47,9.13,scattered clouds
233,Nagram,IN,26.6167,81.1333,66.25,51,0,0.85,clear sky
234,Tessalit,ML,20.1986,1.0114,71.28,23,6,11.68,clear sky
235,Udachnyy,RU,66.4167,112.4,-1.44,98,66,3.65,broken clouds
236,Berdigestyakh,RU,62.0989,126.6992,20.48,93,100,3.11,overcast clouds
237,Portree,GB,57.4129,-6.1942,52.52,90,89,13.02,overcast clouds
238,Fruitville,US,27.3298,-82.4576,76.95,73,20,1.01,few clouds
239,Dingle,PH,10.9995,122.6711,84.76,76,100,15.55,overcast clouds
240,Lorengau,PG,-2.0226,147.2712,86.18,62,71,10.27,broken clouds
241,Anadyr,RU,64.75,177.4833,3.7,78,0,13.42,clear sky
242,Nautla,MX,20.2167,-96.7833,71.42,93,73,5.99,broken clouds
243,Henties Bay,NA,-22.116,14.2845,59.02,87,94,5.79,overcast clouds
244,Lazaro Cardenas,MX,17.9583,-102.2,77.4,85,14,3.38,few clouds
245,Leningradskiy,RU,69.3833,178.4167,8.01,90,100,13.8,overcast clouds
246,Muravlenko,RU,63.7898,74.523,18.21,90,36,13.04,scattered clouds
247,Sitka,US,57.0531,-135.33,39.09,75,100,11.5,moderate rain
248,Souillac,MU,-20.5167,57.5167,68.38,94,75,3.44,broken clouds
249,Butzow,DE,53.85,11.9833,54.19,92,64,5.93,broken clouds
250,Ngunguru,NZ,-35.6167,174.5,64.11,92,98,3.74,overcast clouds
251,Beloha,MG,-25.1667,45.05,73.9,58,0,7.72,clear sky
252,Vanino,RU,49.0869,140.2543,46.65,45,12,4.76,few clouds
253,Borger,NL,52.9233,6.7931,53.89,93,78,6.46,broken clouds
254,Grootfontein,NA,-19.5667,18.1167,69.37,64,94,3.44,overcast clouds
255,Thanatpin,MM,17.2119,96.3033,82.58,79,34,5.1,scattered clouds
256,Bathsheba,BB,13.2167,-59.5167,83.01,78,40,14.97,scattered clouds
257,Bilibino,RU,68.0546,166.4372,-17.21,100,97,1.72,overcast clouds
258,Berlevag,NO,70.8578,29.0864,37.4,91,97,12.53,overcast clouds
259,Mackay,AU,-21.15,149.2,91.69,63,0,14.09,clear sky
260,Sept-Iles,CA,50.2001,-66.3821,44.06,90,100,3.44,overcast clouds
261,Leninskoye,KZ,41.7589,69.3864,46.71,78,100,2.8,overcast clouds
262,Nova Olimpia,BR,-14.7972,-57.2881,77.02,73,8,4.36,clear sky
263,Sabzevar,IR,36.2126,57.6819,51.08,76,0,11.5,clear sky
264,Isangel,VU,-19.55,169.2667,86.11,70,29,8.05,scattered clouds
265,Mazarron,ES,37.5992,-1.3149,65.44,88,2,1.97,clear sky
266,Dese,ET,11.1333,39.6333,46.56,57,47,2.48,scattered clouds
267,Ixtapa,MX,20.7,-105.2,81.63,69,75,0.0,broken clouds
268,Mutsu,JP,41.2894,141.2169,57.33,61,16,5.03,few clouds
269,Leh,IN,34.1667,77.5833,33.21,45,21,3.51,few clouds
270,Lac Du Bonnet,CA,50.2536,-96.0612,44.24,48,92,9.62,overcast clouds
271,Peniche,PT,39.3558,-9.3811,66.29,81,100,11.3,overcast clouds
272,Dunedin,NZ,-45.8742,170.5036,56.8,82,90,4.0,overcast clouds
273,Thunder Bay,CA,48.4001,-89.3168,35.58,69,0,1.14,clear sky
274,Hearst,CA,49.6835,-83.6665,35.85,82,65,2.35,broken clouds
275,Sambava,MG,-14.2667,50.1667,70.68,84,80,8.43,broken clouds
276,Sabang,ID,5.8933,95.3214,82.02,73,100,14.76,overcast clouds
277,Presidencia Roque Saenz Pena,AR,-26.7852,-60.4388,58.82,59,100,19.17,overcast clouds
278,Kyabram,AU,-36.3167,145.05,64.13,76,53,20.4,broken clouds
279,Bardiyah,LY,31.7561,25.0865,64.87,73,1,5.5,light rain
280,Constitucion,CL,-35.3333,-72.4167,56.82,30,0,18.16,clear sky
281,Montepuez,MZ,-13.1256,38.9997,65.98,89,9,3.62,clear sky
282,Luxor,EG,25.6989,32.6421,68.05,56,0,2.3,clear sky
283,San Patricio,US,28.017,-97.5169,71.83,61,71,6.38,broken clouds
284,Langedijk,NL,52.7,4.8,54.01,72,38,1.99,scattered clouds
285,Siaya,KE,0.0612,34.2882,61.68,84,13,4.65,few clouds
286,Bara,NG,10.3744,10.7288,72.68,35,98,4.72,overcast clouds
287,Khudumelapye,BW,-23.8833,24.75,72.68,47,100,6.55,overcast clouds
288,Hami,CN,42.8,93.45,49.95,19,100,2.19,overcast clouds
289,Namtsy,RU,62.7161,129.6658,8.85,87,100,3.29,overcast clouds
290,Klerksdorp,ZA,-26.8521,26.6667,63.14,59,100,4.85,overcast clouds
291,Sladkovo,RU,55.5284,70.3385,22.05,88,11,6.13,few clouds
292,Reo,BF,12.3167,-2.4667,75.9,27,0,8.16,clear sky
293,Caibarien,CU,22.5206,-79.4669,76.32,79,1,8.21,clear sky
294,Bagan,RU,54.1001,77.6646,28.85,71,100,4.52,overcast clouds
295,Vaitape,PF,-16.5167,-151.75,79.43,78,14,12.57,light rain
296,Kajaani,FI,64.2273,27.7285,21.25,93,0,1.14,clear sky
297,Salemi,IT,37.8231,12.8056,59.68,71,0,3.67,clear sky
298,Richards Bay,ZA,-28.783,32.0377,67.35,86,100,14.88,light rain
299,Lata,PT,40.1629,-8.3327,63.81,87,100,4.36,light rain
300,Santa Maria,BR,-29.6842,-53.8069,69.1,83,75,4.61,broken clouds
301,Merauke,ID,-8.4667,140.3333,89.29,64,8,10.96,clear sky
302,Mwinilunga,ZM,-11.7358,24.4293,60.46,92,90,2.68,overcast clouds
303,Palmer,US,42.1584,-72.3287,50.41,70,75,0.0,broken clouds
304,Kavaratti,IN,10.5669,72.642,82.09,68,58,1.34,broken clouds
305,Darnah,LY,32.767,22.6367,65.88,73,65,13.13,light rain
306,Heubach,DE,48.7927,9.9337,54.68,82,70,1.45,broken clouds
307,Bayanday,RU,53.0661,105.5139,23.11,56,7,7.14,clear sky
308,Morristown,US,36.214,-83.2949,60.1,88,100,4.61,moderate rain
309,Kwinana,AU,-32.25,115.7667,66.34,49,31,5.99,scattered clouds
310,Atambua,ID,-9.1061,124.8925,84.04,63,99,3.47,overcast clouds
311,Tautira,PF,-17.7333,-149.15,79.25,76,54,11.01,broken clouds
312,Nuuk,GL,64.1835,-51.7216,31.87,76,82,8.25,broken clouds
313,Severo-Kurilsk,RU,50.6789,156.125,39.02,63,34,21.39,scattered clouds
314,Sao Filipe,CV,14.8961,-24.4956,78.87,75,66,8.08,broken clouds
315,Katsuura,JP,35.1333,140.3,65.03,49,0,11.65,clear sky
316,Kysyl-Syr,RU,63.8986,122.7617,18.9,93,100,0.98,overcast clouds
317,Nampula,MZ,-15.1165,39.2666,68.07,92,0,3.74,clear sky
318,Pipri,IN,19.8,75.5333,72.55,55,0,3.53,clear sky
319,Lavrentiya,RU,65.5833,-171.0,15.91,72,100,9.84,overcast clouds
320,Gap,FR,44.6667,6.0,38.84,75,100,4.61,overcast clouds
321,Ulladulla,AU,-35.35,150.4667,81.5,57,61,12.77,light rain
322,Okhotsk,RU,59.3833,143.3,21.9,42,100,6.82,overcast clouds
323,Westport,US,41.1415,-73.3579,53.74,72,0,1.01,clear sky
324,Jhargram,IN,22.45,86.9833,76.03,61,16,6.35,few clouds
325,Solnechnyy,RU,50.7214,136.6319,40.89,46,100,7.16,overcast clouds
326,Longyearbyen,SJ,78.2186,15.6401,28.24,69,75,11.5,broken clouds
327,Arman,RU,59.7,150.1667,21.31,51,5,4.79,clear sky
328,Prince George,CA,53.9166,-122.753,39.25,48,0,2.3,clear sky
329,Sao Gotardo,BR,-19.3111,-46.0489,66.63,80,96,2.75,overcast clouds
330,La Libertad,EC,-2.2333,-80.9,67.69,82,98,12.35,overcast clouds
331,Carnarvon,AU,-24.8667,113.6333,73.47,21,0,21.85,clear sky
332,Mukdahan,TH,16.5833,104.5,74.95,66,96,11.01,overcast clouds
333,Puerto Palomas,MX,31.7667,-107.6167,62.67,32,100,4.99,overcast clouds
334,Tartagal,AR,-22.5164,-63.8013,66.81,61,95,11.12,overcast clouds
335,Shelburne,CA,44.0787,-80.2041,49.6,67,100,6.33,overcast clouds
336,Villazon,BO,-22.0866,-65.5942,49.35,41,0,8.14,clear sky
337,Wanning,CN,18.8003,110.3967,77.36,65,100,16.44,overcast clouds
338,Manono,CD,-7.3,27.4167,66.43,95,71,1.48,moderate rain
339,Voyvozh,RU,62.892,54.9635,27.43,95,96,6.4,overcast clouds
340,Saint-Augustin,CA,51.226,-58.6502,42.44,66,40,10.49,scattered clouds
341,Thompson,CA,55.7435,-97.8558,41.16,52,75,6.91,broken clouds
342,Alofi,NU,-19.0595,-169.9187,80.49,78,26,18.41,scattered clouds
343,Kutum,SD,14.2,24.6667,66.81,34,46,6.13,scattered clouds
344,Kurumkan,RU,54.3,110.3,27.61,44,11,5.28,few clouds
345,Bombay,IN,19.0144,72.8479,76.98,53,0,4.61,smoke
346,Williston,US,48.147,-103.618,49.8,63,97,11.86,overcast clouds
347,Ilulissat,GL,69.2167,-51.1,17.62,79,72,2.3,broken clouds
348,Port Blair,IN,11.6667,92.75,80.64,83,40,2.3,scattered clouds
349,Manicore,BR,-5.8092,-61.3003,75.25,83,45,1.01,scattered clouds
350,Jacareacanga,BR,-6.2222,-57.7528,79.47,61,74,1.79,broken clouds
351,Fukumitsu,JP,36.55,136.8667,68.11,34,26,5.01,scattered clouds
352,Galesong,ID,-5.3166,119.3661,87.82,64,98,7.4,overcast clouds
353,Pregassona,CH,46.0202,8.9743,60.39,92,91,3.44,overcast clouds
354,Smithers,CA,54.7804,-127.1743,35.92,69,75,4.61,broken clouds
355,Soeng Sang,TH,14.4264,102.4606,75.88,73,100,10.45,overcast clouds
356,Marawi,PH,7.9986,124.2928,85.23,49,100,3.62,overcast clouds
357,Seidu,SL,9.0167,-10.6,71.91,74,95,3.27,overcast clouds
358,Yumen,CN,40.2833,97.2,44.69,35,10,10.67,clear sky
359,Parintins,BR,-2.6283,-56.7358,79.63,60,100,2.44,overcast clouds
360,Saint Anthony,US,45.0205,-93.218,53.31,72,0,0.0,clear sky
361,Port Hedland,AU,-20.3167,118.5667,80.65,9,0,20.71,clear sky
362,Beringovskiy,RU,63.05,179.3167,18.21,57,2,4.09,clear sky
363,Markova,UA,48.6758,24.4138,50.13,85,11,4.34,few clouds
364,Oissel,FR,49.3333,1.1,51.78,88,95,4.61,fog
365,Sao Felix Do Xingu,BR,-6.6447,-51.995,76.35,75,33,1.32,scattered clouds
366,Havoysund,NO,70.9963,24.6622,35.83,89,100,15.5,overcast clouds
367,Qaqortoq,GL,60.7167,-46.0333,13.96,74,97,6.02,overcast clouds
368,Mercedes,AR,-34.6515,-59.4307,48.78,54,19,15.55,few clouds
369,Raudeberg,NO,61.9875,5.1352,52.86,46,82,11.86,broken clouds
370,Hay River,CA,60.8156,-115.7999,30.18,80,100,10.36,light snow
371,Xiaoshi,CN,41.2971,124.1209,50.79,88,100,5.37,overcast clouds
372,Lahaina,US,20.8783,-156.6825,83.44,91,11,11.9,few clouds
373,Shingu,JP,33.7333,135.9833,66.42,68,10,10.98,clear sky
374,Kayerkan,RU,69.3497,87.7602,24.53,100,100,17.05,snow
375,Meulaboh,ID,4.1363,96.1285,76.6,91,98,8.9,light rain
376,Litovko,RU,49.2361,135.1742,41.09,51,100,2.91,overcast clouds
377,Lagoa,PT,39.05,-27.9833,60.91,53,90,5.1,overcast clouds
378,Pandamatenga,BW,-18.5278,25.627,74.28,37,73,5.35,broken clouds
379,Mapiripan,CO,2.8892,-72.1256,73.13,93,19,4.54,few clouds
380,Puerto Madero,MX,14.7208,-92.4215,80.6,74,32,1.95,scattered clouds
381,Sao Mateus Do Sul,BR,-25.8742,-50.3828,61.18,99,100,3.29,overcast clouds
382,San Quintin,MX,30.4833,-115.95,65.46,78,0,7.99,clear sky
383,Rio Gallegos,AR,-51.6226,-69.2181,42.85,61,20,25.32,few clouds
384,Atar,MR,20.5169,-13.0499,76.64,15,4,7.61,clear sky
385,Half Moon Bay,US,37.4636,-122.4286,61.03,82,100,11.5,mist
386,Carmen,MX,18.6333,-91.8333,79.72,74,49,8.03,scattered clouds
387,Monopoli,IT,40.9559,17.2896,63.16,72,8,11.27,clear sky
388,Itacoatiara,BR,-3.1431,-58.4442,80.55,58,86,3.65,overcast clouds
389,Kipini,KE,-2.5257,40.5262,79.09,88,7,7.27,light rain
390,Kamennogorsk,RU,60.9545,29.1339,34.56,69,17,8.55,few clouds
391,Koslan,RU,63.4564,48.8989,33.67,98,100,4.34,overcast clouds
392,Geraldton,AU,-28.7667,114.6,68.41,37,40,17.27,scattered clouds
393,Antofagasta,CL,-23.65,-70.4,58.28,70,4,1.43,clear sky
394,Lumphat,KH,13.4878,106.9816,82.92,64,54,1.34,broken clouds
395,Bonoua,CI,5.2741,-3.595,76.62,90,13,2.73,few clouds
396,Ambilobe,MG,-13.2,49.05,71.33,73,0,4.5,clear sky
397,Bhatkal,IN,13.9667,74.5667,79.68,56,6,7.23,clear sky
398,Riviere-Au-Renard,CA,48.9957,-64.3971,35.89,86,17,7.49,few clouds
399,Paamiut,GL,61.994,-49.6678,27.14,61,100,11.9,overcast clouds
400,Cayenne,GF,4.9333,-52.3333,75.24,100,100,0.0,mist
401,Upernavik,GL,72.7868,-56.1549,14.31,74,7,13.94,clear sky
402,Dubbo,AU,-32.25,148.6167,66.33,94,100,11.5,light rain
403,Payo,ID,-3.7508,103.6372,84.85,69,100,1.79,overcast clouds
404,Anjar,IN,23.1333,70.0167,80.37,50,0,5.64,clear sky
405,Tromso,NO,69.6496,18.957,41.38,81,100,12.66,overcast clouds
406,Katakwi,UG,1.8911,33.9661,65.39,76,22,3.36,few clouds
407,Hasaki,JP,35.7333,140.8333,68.29,53,4,13.82,clear sky
408,San Jose,US,37.3394,-121.895,62.89,75,20,6.91,few clouds
409,Kodiak,US,57.79,-152.4072,29.71,55,100,16.11,overcast clouds
410,Palu,ID,-0.8917,119.8707,87.64,70,97,3.13,overcast clouds
411,Sao Goncalo Do Sapucai,BR,-21.8922,-45.5953,66.87,94,100,3.06,overcast clouds
412,Palembang,ID,-2.9167,104.7458,75.29,94,75,2.3,moderate rain
413,Awjilah,LY,29.1081,21.2869,60.4,62,0,9.1,clear sky
414,Lasa,IT,46.6166,10.7002,52.68,68,46,2.64,scattered clouds
415,Artesia,US,33.8658,-118.0831,75.87,60,0,5.75,clear sky
416,Tomatlan,MX,19.9333,-105.25,71.11,94,0,1.68,clear sky
417,Bo Rai,TH,12.5728,102.5371,81.23,60,77,10.0,broken clouds
418,Srednekolymsk,RU,67.45,153.6833,-2.04,98,89,4.85,overcast clouds
419,Miri,MY,4.4148,114.0089,86.14,74,20,10.36,few clouds
420,Tieli,CN,46.95,128.05,38.93,89,100,9.57,moderate rain
421,Siguiri,GN,11.6667,-9.5,71.91,53,0,2.98,clear sky
422,Russell,US,32.3502,-85.1999,65.97,94,100,6.91,light rain
423,Port Lincoln,AU,-34.7333,135.8667,57.31,65,95,21.63,overcast clouds
424,Hohhot,CN,40.8106,111.6522,39.49,35,0,4.47,clear sky
425,Roi Et,TH,15.75,103.75,85.23,62,47,14.23,scattered clouds
426,Dataganj,IN,28.0333,79.4,72.64,52,0,0.36,clear sky
427,Wanxian,CN,30.8039,108.3897,71.35,67,1,1.63,clear sky
428,Farsund,NO,58.0948,6.8047,54.95,100,46,8.97,scattered clouds
429,Ferme-Neuve,CA,46.7001,-75.4493,45.63,76,100,3.87,overcast clouds
430,Soyo,AO,-6.1349,12.3689,77.54,88,91,6.91,light rain
431,Yerbogachen,RU,61.2767,108.0108,19.74,85,99,7.25,overcast clouds
432,Saryg-Sep,RU,51.5,95.6,20.46,71,100,3.09,overcast clouds
433,Tangzhai,CN,34.4328,116.5911,69.21,36,5,3.42,clear sky
434,Iguape,BR,-24.7081,-47.5553,75.52,85,98,4.07,moderate rain
435,Iskar,BG,43.45,24.2667,46.26,81,0,4.61,clear sky
436,Soe,ID,-9.8607,124.284,77.97,67,100,5.01,overcast clouds
437,Howard Springs,AU,-12.497,131.047,94.98,58,100,9.15,overcast clouds
438,Fairbanks,US,64.8378,-147.7164,9.23,84,100,0.0,overcast clouds
439,Oranjemund,NA,-28.55,16.4333,56.77,90,34,15.46,scattered clouds
440,Port Hardy,CA,50.6996,-127.4199,46.58,93,75,0.0,broken clouds
441,Coihaique,CL,-45.5752,-72.0662,42.75,61,0,3.44,clear sky
442,Piacabucu,BR,-10.4056,-36.4344,74.44,82,17,7.52,few clouds
443,Sovetskoye,RU,52.2861,85.4131,34.52,62,100,2.57,overcast clouds
444,Talaya,RU,61.3833,152.75,-2.65,95,56,1.05,broken clouds
445,Fort Nelson,CA,58.8053,-122.7002,24.39,87,100,3.44,overcast clouds
446,Kandri,IN,21.4167,79.2667,67.57,56,1,5.1,clear sky
447,Celestun,MX,20.8667,-90.4,77.74,74,44,10.0,scattered clouds
448,Asekeyevo,RU,53.5742,52.7972,45.82,88,100,12.8,overcast clouds
449,Riyadh,SA,24.6877,46.7219,64.54,19,61,6.02,broken clouds
450,Mulege,MX,26.8833,-111.9833,72.66,51,7,4.45,clear sky
451,Lewiston,US,44.1003,-70.2148,48.88,91,0,1.01,clear sky
452,Los Algarrobos,PA,8.5,-82.4333,75.61,94,100,2.3,light rain
453,Tres Arroyos,AR,-38.3739,-60.2798,43.25,76,28,10.69,scattered clouds
454,Baleshwar,IN,21.4942,86.9317,76.8,62,93,8.97,overcast clouds
455,Cassilandia,BR,-19.1133,-51.7342,72.64,84,19,4.21,few clouds
456,Klaksvik,FO,62.2266,-6.589,50.92,95,99,21.03,overcast clouds
457,Zlobin,HR,45.2924,14.6541,62.62,55,11,3.31,few clouds
458,Valparaiso,CL,-33.0393,-71.6273,53.24,62,0,4.61,clear sky
459,Fortuna,US,40.5982,-124.1573,53.94,89,0,6.91,clear sky
460,Youghal,IE,51.95,-7.8506,58.08,91,89,23.69,overcast clouds
461,Hobyo,SO,5.3505,48.5268,78.62,72,6,7.76,clear sky
462,Grand Gaube,MU,-20.0064,57.6608,68.4,78,100,18.5,overcast clouds
463,Hangu,CN,39.2489,117.7892,59.04,16,4,19.1,clear sky
464,Saint-Jean-De-Maurienne,FR,45.1667,6.5833,44.1,64,100,6.91,overcast clouds
465,Shimoda,JP,34.6667,138.95,66.56,54,50,13.87,scattered clouds
466,Rassvet,RU,46.8333,40.75,50.5,86,86,16.35,overcast clouds
467,Christchurch,NZ,-43.5333,172.6333,69.91,56,75,9.22,broken clouds
468,Tete,MZ,-16.1564,33.5867,77.56,64,11,5.06,few clouds
469,Baiyin,CN,36.5583,104.2081,48.87,46,0,11.61,clear sky
470,Bogorodskoye,RU,56.55,37.8833,29.5,93,100,14.43,snow
471,Kyra,RU,49.5776,111.9753,24.55,40,5,23.13,clear sky
472,Spasskoye,RU,44.6108,132.7969,48.9,53,98,14.5,overcast clouds
473,Naze,JP,28.3667,129.4833,70.72,81,100,25.32,light rain
474,Puntarenas,CR,9.9763,-84.8384,77.04,83,99,2.42,overcast clouds
475,El Alto,PE,-4.2714,-81.2147,61.95,82,78,19.26,broken clouds
476,Hamilton,US,39.1834,-84.5333,61.0,95,100,1.99,overcast clouds
477,Oussouye,SN,12.485,-16.5469,78.03,84,2,4.18,clear sky
478,Ostersund,SE,63.1792,14.6357,32.45,100,100,3.44,overcast clouds
479,Barmer,IN,25.75,71.3833,79.93,31,0,1.66,clear sky
480,Arroyo,ES,41.6096,-4.7969,50.59,86,20,5.75,few clouds
481,Preobrazheniye,RU,42.9019,133.9064,51.04,60,96,6.58,overcast clouds
482,Eureka,US,40.8021,-124.1637,54.21,92,44,1.99,scattered clouds
483,Manta,EC,-0.95,-80.7333,70.11,84,99,15.79,overcast clouds
484,Mount Gambier,AU,-37.8333,140.7667,50.9,92,100,9.44,light rain
485,Walvis Bay,NA,-22.9575,14.5053,59.95,88,99,8.05,overcast clouds
486,Zyryanovsk,KZ,49.7386,84.2719,32.65,97,100,1.7,light snow
487,Vestmannaeyjar,IS,63.4427,-20.2734,45.5,88,100,12.53,overcast clouds
488,Grand-Santi,GF,4.25,-54.3833,72.75,99,100,2.3,light rain
489,Vanderhoof,CA,54.0166,-124.0198,36.82,48,0,7.87,clear sky
490,Daska,PK,32.3243,74.3497,67.05,45,0,4.7,clear sky
491,Sisimiut,GL,66.9395,-53.6735,21.79,82,21,10.65,few clouds
492,Chirongui,YT,-12.9319,45.1483,78.73,75,17,16.31,few clouds
493,Filadelfia,US,39.9523,-75.1638,53.96,87,75,1.01,broken clouds
494,Mangrol,IN,21.1167,70.1167,80.29,50,0,8.55,clear sky
495,Grindavik,IS,63.8424,-22.4338,45.07,93,100,10.36,overcast clouds
496,Saint-Georges,GD,12.0564,-61.7485,80.28,89,75,9.22,broken clouds
497,Peterhead,GB,57.5058,-1.7981,52.2,83,1,19.3,clear sky
498,Havre-Saint-Pierre,CA,50.2334,-63.5986,41.0,93,0,6.91,clear sky
499,Naranjal,EC,-2.6667,-79.6167,71.02,87,87,4.43,overcast clouds
500,Pedernales,DO,18.0384,-71.744,79.99,70,100,4.16,overcast clouds
501,Shalinskoye,RU,55.7228,93.7594,23.74,62,69,10.09,broken clouds
502,Fuyang,CN,32.9,115.8167,68.92,35,4,6.96,clear sky
503,Broken Hill,AU,-31.95,141.4333,76.71,46,68,25.48,broken clouds
504,Poso,ID,-1.3959,120.7524,86.23,67,80,3.69,broken clouds
505,Mogwase,ZA,-25.185,27.2665,69.67,58,99,2.8,overcast clouds
506,Honningsvag,NO,70.9821,25.9704,35.35,100,100,3.44,drizzle
507,Ishigaki,JP,24.3448,124.1572,78.93,100,75,9.22,broken clouds
508,Yarmouth,US,41.7057,-70.2286,52.97,92,0,3.44,clear sky
509,Prince Rupert,CA,54.3161,-130.3201,44.29,90,100,23.02,overcast clouds
510,Lahat,ID,-3.8,103.5333,85.01,67,100,2.46,overcast clouds
511,Fereydun Kenar,IR,36.6864,52.5225,55.62,94,0,0.0,clear sky
512,Hornepayne,CA,49.2138,-84.7705,41.25,90,68,3.24,broken clouds
513,Nakambala,ZM,-15.8324,27.7799,70.57,61,21,2.62,few clouds
514,Bundaberg,AU,-24.85,152.35,84.22,73,0,5.01,clear sky
515,Hopkinsville,US,36.8656,-87.4886,62.64,96,93,3.0,overcast clouds
516,Mubi,NG,10.2676,13.2644,70.14,36,28,2.35,scattered clouds
517,Povenets,RU,62.8487,34.8262,34.65,84,99,17.83,overcast clouds
518,Neiafu,TO,-18.65,-173.9833,83.08,83,40,9.22,scattered clouds
519,Aksarka,RU,66.5606,67.7975,28.99,92,100,14.76,overcast clouds
520,Vila Franca Do Campo,PT,37.7167,-25.4333,59.41,70,70,6.51,broken clouds
521,Huarmey,PE,-10.0681,-78.1522,61.77,88,29,8.77,scattered clouds
522,Luderitz,NA,-26.6481,15.1594,59.5,72,95,15.95,overcast clouds
523,Smirnykh,RU,49.75,142.8333,43.02,51,2,4.54,clear sky
524,Luba,GQ,3.4568,8.5547,76.89,83,28,5.75,light rain
525,San Andres,CO,12.5847,-81.7006,84.22,70,20,6.91,few clouds
526,Tiznit,MA,29.5833,-9.5,72.39,15,3,6.98,clear sky
527,Spring Hill,US,28.4769,-82.5255,75.81,82,75,4.61,broken clouds
528,Ballangen,NO,68.3428,16.8315,39.42,100,100,1.14,overcast clouds
529,Denpasar,ID,-8.65,115.2167,82.06,74,40,8.05,scattered clouds
530,Morondava,MG,-20.2833,44.2833,76.14,77,0,7.58,clear sky
531,Porbandar,IN,21.6422,69.6093,81.54,45,0,7.94,clear sky
532,Kadom,RU,54.5592,42.4675,32.18,76,93,14.29,overcast clouds
533,Brae,GB,60.3964,-1.353,53.46,82,89,10.54,overcast clouds
534,Lethem,GY,3.3803,-59.7968,76.57,88,100,7.0,overcast clouds
535,La Rioja,ES,42.25,-2.5,49.78,86,69,6.55,broken clouds
536,Lincoln,US,40.8,-96.667,57.13,51,0,4.61,clear sky
537,Ankazobe,MG,-18.3167,47.1167,59.04,84,21,4.83,few clouds
538,Cermik,TR,38.1361,39.4493,54.72,40,15,2.3,few clouds
539,Tineo,ES,43.3376,-6.4145,52.23,68,100,4.88,overcast clouds
540,Lengshuitan,CN,26.4111,111.5956,73.09,33,1,12.95,clear sky
541,Hofn,IS,64.2539,-15.2082,46.17,90,100,26.93,overcast clouds
542,Sfantu Gheorghe,RO,45.8667,25.7833,53.26,92,7,1.95,clear sky
543,Eyl,SO,7.9803,49.8164,76.69,82,21,8.08,few clouds
544,Angoche,MZ,-16.2325,39.9086,74.3,90,4,8.61,clear sky
545,Tarapur,IN,19.85,72.7,77.34,53,0,5.57,clear sky
546,Forestville,US,38.8451,-76.875,53.35,90,0,0.0,clear sky
547,Muli,MV,2.9167,73.5667,81.63,73,50,7.34,scattered clouds
548,Nelson Bay,AU,-32.7167,152.15,84.25,72,93,5.99,overcast clouds
549,Kingaroy,AU,-26.5333,151.8333,88.34,29,67,11.07,broken clouds
550,Isabela,PH,6.7085,121.9711,87.85,67,95,6.26,overcast clouds
551,Ossora,RU,59.2353,163.0719,29.48,62,96,15.35,overcast clouds
552,Winslow,US,35.0242,-110.6974,44.78,36,0,5.75,clear sky
553,Polyarnyy,RU,69.1989,33.4478,30.85,85,87,14.85,overcast clouds
554,Kuressaare,EE,58.2481,22.5039,36.95,100,43,1.14,scattered clouds
555,Necochea,AR,-38.5473,-58.7368,46.81,69,39,21.12,scattered clouds
556,Sao Jose Da Coroa Grande,BR,-8.8978,-35.1478,75.4,79,15,6.35,few clouds
557,Tezu,IN,27.9167,96.1667,77.67,44,0,2.57,clear sky
558,Kashi,CN,39.4547,75.9797,45.61,45,43,8.95,scattered clouds
559,Am Timan,TD,11.0297,20.2827,76.95,39,90,4.14,overcast clouds
560,Polunochnoye,RU,60.8697,60.4153,26.28,95,100,7.25,light snow
561,Krasnyye Baki,RU,57.131,45.1599,32.36,84,100,10.83,overcast clouds
562,Emerald,AU,-23.5333,148.1667,98.74,23,0,15.57,clear sky
563,Zharkovskiy,RU,55.849,32.2697,33.96,73,89,14.56,overcast clouds
564,Kandrian,PG,-6.2167,149.55,85.3,72,42,5.86,light rain
565,Sinnamary,GF,5.3833,-52.95,78.73,87,100,6.29,overcast clouds
566,Terra Santa,BR,-2.1042,-56.4869,80.35,64,100,2.57,overcast clouds
567,Jerusalem,IL,31.769,35.2163,62.71,95,32,1.99,scattered clouds
568,Anzoategui,CO,4.63,-75.0954,59.2,90,77,3.8,broken clouds
569,Chifeng,CN,42.2683,118.9636,48.18,31,0,21.18,clear sky
570,Elk Plain,US,47.0532,-122.3976,54.37,90,100,13.8,light intensity drizzle
571,Konispol,AL,39.6589,20.1814,60.58,46,2,4.5,clear sky
572,San Rafael,AR,-34.6177,-68.3301,48.24,22,89,6.91,overcast clouds
573,Olinda,BR,-8.0089,-34.8553,80.33,69,75,8.05,broken clouds
574,Batagay-Alyta,RU,67.8006,130.4114,-2.81,84,79,1.77,broken clouds
575,Igualada,ES,41.581,1.6172,62.1,93,37,1.01,scattered clouds
576,Bahawalpur,PK,29.4,71.6833,79.39,28,0,9.57,clear sky
577,Xining,CN,36.6167,101.7667,41.25,56,6,1.72,clear sky
578,Oudtshoorn,ZA,-33.5907,22.2014,52.16,60,100,5.59,overcast clouds
579,Gurun,MY,5.8172,100.4738,80.38,83,100,3.49,moderate rain
580,Baie-Comeau,CA,49.2168,-68.1489,42.48,87,0,14.97,clear sky
581,Sinop,TR,41.7711,34.8709,50.18,55,99,4.38,overcast clouds
582,Quatre Cocos,MU,-20.2078,57.7625,68.11,77,100,14.09,light rain
583,Irricana,CA,51.3237,-113.6048,51.78,45,100,15.41,overcast clouds
584,Kokopo,PG,-4.352,152.2633,83.88,71,55,2.77,light rain
585,Lebedinyy,RU,58.5167,125.5167,22.21,94,100,4.79,light snow
586,Paraiso,CR,9.8383,-83.8656,66.42,97,100,1.97,overcast clouds
587,Surgut,RU,61.25,73.4167,28.58,74,75,13.42,broken clouds
588,Pachino,IT,36.7186,15.0907,65.21,70,0,3.8,clear sky
589,Laje,BR,-10.1833,-40.9667,75.06,56,20,8.79,few clouds
590,Plettenberg Bay,ZA,-34.0527,23.3716,56.32,75,100,5.88,light rain
591,Cap Malheureux,MU,-19.9842,57.6142,68.47,78,100,18.57,overcast clouds
592,Evensk,RU,61.95,159.2333,14.05,72,90,9.33,overcast clouds
593,Ofaqim,IL,31.3141,34.6203,63.72,73,0,3.31,clear sky
594,Camacha,PT,33.0833,-16.3333,67.42,83,20,13.8,few clouds
595,Jiazi,CN,22.8779,116.067,75.43,59,100,19.15,overcast clouds
596,Seymchan,RU,62.8833,152.4333,-2.92,95,50,1.86,scattered clouds
597,Vysokogornyy,RU,50.1167,139.15,41.88,36,100,3.02,overcast clouds
598,Colares,PT,38.7992,-9.4469,66.33,88,100,5.01,overcast clouds
599,Tuy Hoa,VN,13.0833,109.3,80.24,69,83,10.09,broken clouds
600,Aliwal North,ZA,-30.6937,26.7114,53.51,73,78,10.63,broken clouds
601,Yining,CN,29.0361,114.5636,72.27,47,0,6.06,clear sky
602,Pitimbu,BR,-7.4706,-34.8086,75.79,77,80,7.72,broken clouds
603,Huilong,CN,31.8111,121.655,68.05,63,25,13.85,scattered clouds
604,Yelizovo,RU,53.1873,158.3805,41.14,35,20,15.99,few clouds
605,Hovd,MN,48.0056,91.6419,31.12,31,100,1.43,overcast clouds
606,Maragogi,BR,-9.0122,-35.2225,75.13,79,15,6.13,few clouds
607,Mporokoso,ZM,-9.3727,30.125,66.47,52,99,4.34,overcast clouds
608,Namibe,AO,-15.1961,12.1522,70.0,79,52,4.59,broken clouds
609,Ust-Kut,RU,56.7938,105.7672,23.31,65,100,6.38,overcast clouds
610,Caxito,AO,-8.5785,13.6643,76.5,87,89,2.84,overcast clouds
611,Zabol,AF,32.25,67.25,56.03,26,20,10.6,few clouds
612,Itarema,BR,-2.9248,-39.9167,78.46,78,20,15.23,few clouds
613,Islamkot,PK,24.6997,70.177,81.41,37,0,5.95,clear sky
614,Carbondale,US,37.7273,-89.2168,59.05,95,40,5.75,scattered clouds
615,Karaidel,RU,55.8337,56.9069,35.28,97,100,14.65,snow
616,Aktash,RU,50.3,87.7333,24.03,66,96,5.01,overcast clouds
617,Verkhoyansk,RU,67.5447,133.385,-4.07,94,22,0.67,few clouds
618,Gat,IL,31.61,34.7642,70.39,100,2,1.3,clear sky
619,Banda Aceh,ID,5.5577,95.3222,83.52,70,100,10.25,overcast clouds
620,Whittlesea,ZA,-32.1759,26.8244,50.2,80,96,8.41,overcast clouds
621,Salinopolis,BR,-0.6136,-47.3561,80.24,76,83,13.24,broken clouds
622,Ejido,VE,8.5514,-71.2375,64.33,98,77,1.19,light rain
623,Abu Dhabi,AE,24.4667,54.3667,77.97,87,59,0.0,broken clouds
624,Kroya,ID,-7.6331,109.2461,82.67,68,97,7.07,overcast clouds
625,Belmonte,BR,-15.8631,-38.8828,74.7,89,40,7.72,scattered clouds
626,Kirsanov,RU,52.6549,42.7224,32.58,71,21,10.67,few clouds
627,Lappersdorf,DE,49.0569,12.09,56.88,94,50,1.01,scattered clouds
628,Valuyki,RU,50.2035,38.1067,36.57,90,100,14.52,overcast clouds
629,Verkhnyaya Inta,RU,65.9811,60.3094,18.81,90,34,4.68,scattered clouds
630,Malanje,AO,-9.5402,16.341,60.49,95,99,1.5,overcast clouds
631,Miguel Hidalgo,MX,19.4225,-99.2028,63.81,77,100,11.5,overcast clouds
632,Kijang,KR,35.2442,129.2139,67.73,52,7,12.86,clear sky
633,Djambala,CG,-2.5447,14.7533,67.62,93,100,4.18,overcast clouds
634,Petropavlovsk-Kamchatskiy,RU,53.0452,158.6483,39.79,36,20,15.66,few clouds
635,Takikawa,JP,43.5528,141.9064,52.02,60,6,2.75,clear sky
636,Jamiltepec,MX,16.2833,-97.8167,70.0,96,53,3.04,broken clouds
637,Aklavik,CA,68.2191,-135.0107,-4.29,95,9,8.34,clear sky
638,Gillette,US,44.2911,-105.5022,46.81,46,0,6.91,clear sky
639,Kasongo-Lunda,CD,-6.4667,16.8167,69.24,98,100,1.99,overcast clouds
640,Hauterive,FR,46.0901,3.4459,56.16,75,100,4.03,overcast clouds
641,Zapolyarnyy,RU,69.4154,30.8136,29.48,93,99,5.3,overcast clouds
642,Thinadhoo,MV,0.5333,72.9333,81.14,76,71,14.9,moderate rain
643,Horadiz,AZ,39.4488,47.3353,52.63,71,0,2.55,clear sky
644,Ramhormoz,IR,31.28,49.6035,79.29,31,100,5.12,overcast clouds
645,Maningrida,AU,-12.0667,134.2667,93.24,45,79,10.13,broken clouds
646,Paciran,ID,-6.8767,112.3761,86.32,54,100,3.58,overcast clouds
647,Strezhevoy,RU,60.7333,77.5889,22.28,93,81,7.87,broken clouds
648,Ratnagiri,IN,16.9833,73.3,76.39,60,0,7.96,clear sky
649,Turukhansk,RU,65.8167,87.9833,25.45,96,100,13.91,light snow
650,Beneditinos,BR,-5.45,-42.3667,80.74,41,90,3.53,overcast clouds
651,Falmouth,GB,50.1544,-5.0711,59.9,94,100,13.8,mist
652,Pindwara,IN,24.8,73.0667,75.72,26,0,2.17,clear sky
653,Yuncheng,CN,35.0231,110.9928,63.73,61,73,3.94,broken clouds
654,Sahuaripa,MX,29.05,-109.2333,66.29,33,100,3.56,overcast clouds
655,Chandbali,IN,20.7833,86.7667,78.89,61,25,7.54,scattered clouds
656,Ostrovnoy,RU,68.0531,39.5131,38.35,84,100,22.28,light rain
657,Simao,CN,22.7886,100.9748,75.76,57,4,0.76,clear sky
658,Puerto Ayacucho,VE,5.6639,-67.6236,75.52,90,88,4.14,overcast clouds
659,Koumac,NC,-20.5667,164.2833,80.24,68,20,11.43,few clouds
660,Druzhba,UA,52.0428,33.9453,35.65,63,73,15.84,broken clouds
661,Kristiansand,NO,58.1467,7.9956,53.85,94,100,3.44,overcast clouds
662,Ulagan,RU,50.6321,87.9563,34.07,56,90,2.64,overcast clouds
663,Mezen,RU,65.8522,44.24,35.91,97,100,14.14,overcast clouds
664,Port-Gentil,GA,-0.7193,8.7815,78.35,83,100,7.27,light rain
665,Tawang,IN,27.5833,91.8667,55.99,44,0,4.07,clear sky
666,Sangamner,IN,19.5667,74.2167,71.46,58,0,2.28,clear sky
667,Sibolga,ID,1.7427,98.7792,77.13,89,100,3.94,overcast clouds
668,Tekirdag,TR,40.978,27.5085,51.15,56,20,2.51,few clouds
669,Kemijarvi,FI,66.7131,27.4306,25.38,95,90,2.21,overcast clouds
670,Kitimat,CA,54.0524,-128.6534,40.91,28,100,5.95,overcast clouds
671,Bayir,TR,37.2687,28.2167,41.52,36,0,2.84,clear sky
672,Guanare,VE,9.0418,-69.7421,72.61,97,95,1.57,overcast clouds
673,Bethanien,NA,-26.502,17.1583,62.33,47,100,3.71,overcast clouds
674,Fayaoue,NC,-20.65,166.5333,77.56,75,40,8.72,scattered clouds
675,Dustlik,UZ,40.5247,68.0358,49.48,76,99,2.73,overcast clouds
676,Coahuayana,MX,18.7333,-103.6833,74.68,93,8,1.88,clear sky
677,Pimentel,PE,-6.8367,-79.9342,62.11,84,99,12.95,overcast clouds
678,Lyubech,UA,51.7026,30.6569,40.84,78,10,13.29,clear sky
679,Brownsville,US,25.9018,-97.4975,71.91,78,100,4.61,overcast clouds
680,La Ronge,CA,55.1001,-105.2842,44.82,52,40,5.75,scattered clouds
681,Houma,US,29.5958,-90.7195,62.6,91,0,0.0,clear sky
682,Coihueco,CL,-36.6167,-71.8333,48.94,62,0,14.97,clear sky
683,Spirovo,RU,57.419,34.9766,31.44,86,100,18.34,snow
684,Sarangani,PH,5.4033,125.4636,83.41,77,91,8.01,overcast clouds
685,Vologda,RU,59.2187,39.8886,28.83,96,80,9.91,broken clouds
686,Hurghada,EG,27.2574,33.8129,71.64,49,0,11.5,clear sky
687,Gweta,BW,-20.1833,25.2333,76.39,48,100,13.02,overcast clouds
688,Rocha,UY,-34.4833,-54.3333,51.37,61,100,15.88,overcast clouds
689,Iskateley,RU,67.6803,53.1512,32.81,97,100,12.73,overcast clouds
690,Tinskoy,RU,56.1525,96.9161,25.16,59,5,6.33,clear sky
691,Itaqui,BR,-29.1253,-56.5531,57.51,88,100,22.24,overcast clouds
692,Los Llanos De Aridane,ES,28.6585,-17.9182,68.13,38,0,5.75,clear sky
693,Sur,OM,22.5667,59.5289,76.55,57,0,6.93,clear sky
694,Liverpool,GB,53.4106,-2.9779,55.35,90,11,7.0,few clouds
695,Kampot,KH,10.6167,104.1833,87.85,65,94,5.41,overcast clouds
696,Monrovia,LR,6.3005,-10.7969,77.52,84,27,5.75,light rain
697,Mishan,CN,45.55,131.8833,46.06,55,100,11.56,light rain
698,Portland,US,45.5234,-122.6762,57.15,85,100,9.22,overcast clouds
699,Nicoya,CR,10.1483,-85.452,73.9,91,93,0.51,overcast clouds
700,Tiarei,PF,-17.5333,-149.3333,80.62,79,39,11.61,light rain
701,Zarya,RU,55.7553,38.0958,32.14,85,100,15.37,light snow
702,Victoria Point,AU,-27.5833,153.3,86.68,65,57,4.0,broken clouds
703,Taltal,CL,-25.4,-70.4833,58.51,77,14,2.53,few clouds
704,Mackenzie,CA,55.2999,-123.1698,39.42,45,100,4.61,overcast clouds
705,Aranos,NA,-24.1333,19.1167,67.53,16,8,12.39,clear sky
706,Minudasht,IR,37.2289,55.3747,53.17,82,0,0.0,clear sky
707,Sola,VU,-13.8833,167.55,88.47,66,1,0.0,clear sky
708,Bonavista,CA,48.6499,-53.1147,46.31,72,8,15.52,clear sky
709,Idlib,SY,35.9306,36.6339,62.78,49,54,7.85,broken clouds
710,Alice Springs,AU,-23.7,133.8833,83.75,28,35,14.97,scattered clouds
711,Kapuskasing,CA,49.4169,-82.4331,50.09,71,40,4.61,scattered clouds
